{
  "product": [
    {
      "id": "1",
      "img": "https://cdn.fcglcdn.com/brainbees/images/products/300x364/18137796a.webp",
      "price": 414.17,
      "dis": "Babyhug Disney Single Jersey Knit Full Sleeves Shirt With Winnie & Friends Print & Pocket Detailing - White"
    },
    {
      "id": "2",
      "img": "https://cdn.fcglcdn.com/brainbees/images/products/300x364/17739785a.webp",
      "price": 514.17,
      "dis": "Babyhug Disney Denim Woven Half Sleeve Regular Collar Shirt with Winnie the Pooh Graphics - Navy Blue"
    },
    {
      "id": "3",
      "img": "https://cdn.fcglcdn.com/brainbees/images/products/300x364/17403478a.webp",
      "price": 414.17,
      "dis": "Babyhug Disney Single Jersey Knit Full Sleeves Shirt With Winnie & Friends Print & Pocket Detailing - White"
    },
    {
      "id": "4",
      "img": "https://cdn.fcglcdn.com/brainbees/images/products/300x364/18137796a.webp",
      "price": 414.17,
      "dis": "Babyhug Disney Single Jersey Knit Full Sleeves Shirt With Winnie & Friends Print & Pocket Detailing - White"
    },
    {
      "id": "5",
      "img": "https://cdn.fcglcdn.com/brainbees/images/products/300x364/17739785a.webp",
      "price": 514.17,
      "dis": "Babyhug Disney Denim Woven Half Sleeve Regular Collar Shirt with Winnie the Pooh Graphics - Navy Blue"
    },
    {
      "id": "6",
      "img": "https://cdn.fcglcdn.com/brainbees/images/products/300x364/17403478a.webp",
      "price": 414.17,
      "dis": "Babyhug Disney Single Jersey Knit Full Sleeves Shirt With Winnie & Friends Print & Pocket Detailing - White"
    },
    {
      "id": "7",
      "img": "https://cdn.fcglcdn.com/brainbees/images/products/300x364/17403478a.webp",
      "price": 414.17,
      "dis": "Babyhug Disney Single Jersey Knit Full Sleeves Shirt With Winnie & Friends Print & Pocket Detailing - White"
    },
    {
      "id": "8",
      "img": "https://cdn.fcglcdn.com/brainbees/images/products/300x364/17403478a.webp",
      "price": 414.17,
      "dis": "Babyhug Disney Single Jersey Knit Full Sleeves Shirt With Winnie & Friends Print & Pocket Detailing - White"
    },
    {
      "id": "9",
      "img": "https://cdn.fcglcdn.com/brainbees/images/products/300x364/17403478a.webp",
      "price": 414.17,
      "dis": "Babyhug Disney Single Jersey Knit Full Sleeves Shirt With Winnie & Friends Print & Pocket Detailing - White"
    }
  ],
  "Register_Data": [
    {
      "id": "b125",
      "e": "dsad",
      "p1": "sdad"
    },
    {
      "id": "07f4",
      "e": "dsad",
      "p1": "asdsd"
    },
    {
      "id": "07af",
      "e": "d",
      "p1": "d"
    },
    {
      "id": "5340",
      "e": "sdad",
      "p1": "sda"
    },
    {
      "id": "c743",
      "e": "",
      "p1": ""
    },
    {
      "id": "09c5",
      "e": "sadasd",
      "p1": "as"
    },
    {
      "id": "a4ff",
      "e": "dsad",
      "p1": "sadasd"
    },
    {
      "id": "87e4",
      "e": "dd",
      "p1": "dd"
    },
    {
      "id": "0249",
      "e": "sada",
      "p1": "dasd"
    },
    {
      "id": "653a",
      "e": "tushal",
      "p1": "tushal"
    },
    {
      "id": "d3b5",
      "e": "ff",
      "p1": "ff"
    },
    {
      "id": "c030",
      "e": "cxcx",
      "p1": "cxcx"
    }
  ],
  "single_product": [
    {
      "id": "1",
      "img": "https://cdn.fcglcdn.com/brainbees/images/products/300x364/18137796a.webp",
      "price": 414.17,
      "dis": "Babyhug Disney Single Jersey Knit Full Sleeves Shirt With Winnie & Friends Print & Pocket Detailing - White"
    },
    {
      "id": "6",
      "img": "https://cdn.fcglcdn.com/brainbees/images/products/300x364/17403478a.webp",
      "price": 414.17,
      "dis": "Babyhug Disney Single Jersey Knit Full Sleeves Shirt With Winnie & Friends Print & Pocket Detailing - White"
    }
  ]
}